id,name
1,Ângela Quental Coronel
2,Yasmine Vinhas Marinho
3,Thomas Matos Castanheda
4,Simão Flores Mexia
5,Samara Bensaúde Pedro
6,Salomão Lampreia Barreno
7,Oceana Fraga Hilário
8,Melinda Murtinho Moura
9,Martín Keil Peçanha
10,Martín Galvão Feitosa
11,Maribel Gonçalves Proença
12,Madalena Fontinha Mateus
13,Luísa Vilariça Cangueiro
14,Karine Faria Nascimento
15,Jandira Póvoas Sobral
16,Iriana Teves Carregueiro
17,Agrim Setúbal Xavier
18,Fernando Matos Fraga
19,Evelin Toledo Covilhã
20,Eunice Mourato Zarco
21,Emilie Mansilha Sandinha
22,Elvira Quirino Fontes
23,Dânia Anes Valim
24,Deva Orriça Neto
25,Clarisse Ruas Moita
26,Brianna Azevedo Narvais
27,Bogdan Novais Hernandes
28,Arian Maia Saraiva
29,Anselmo Barreno Frois
30,Anaelle Valadim Pastana
31,Alana Vilalobos Milheiro
